{
  "method": "Umeyama (using corresponding points)",
  "rotation": [
    [
      -0.9383772816396994,
      -0.027411222349347387,
      0.344523877535074
    ],
    [
      -0.3444471823028618,
      0.15596855057072684,
      -0.9257591208497408
    ],
    [
      -0.02835870071260337,
      -0.9873816061291502,
      -0.15579906280755215
    ]
  ],
  "translation": [
    0.807839806028744,
    0.4478471529268217,
    0.6676511408852801
  ],
  "scale": 0.23739378100220004,
  "num_correspondences": 13,
  "rms_error": 0.02466778915779859,
  "T": [
    [
      -0.2227649308950146,
      -0.006507253715403585,
      0.08178782593359014,
      0.807839806028744
    ],
    [
      -0.08176961896243046,
      0.03702596393741769,
      -0.21976945799579262,
      0.4478471529268217
    ],
    [
      -0.006732179186474699,
      -0.23439825277102402,
      -0.036985728596484045,
      0.6676511408852801
    ],
    [
      0.0,
      0.0,
      0.0,
      1.0
    ]
  ]
}